ID,Título,Requisito,Fuente / derivación,Subsistema propuesto,Criterio de verificación,Pendiente,Estado
HL-01,Configuración modular,"El sistema deberá identificar cada módulo y su revisión, y rechazar configuraciones incompatibles antes de habilitar asistencia.",Traje y seis familias de módulos,Gestor de configuración,Revisión de matriz de compatibilidad y ensayo de módulo desconocido: habilitación rechazada.,TBD-01,Propuesto; no verificado
HL-02,Ajuste e interfaz humana,"El diseño deberá documentar envolventes antropométricas, alineación articular, zonas de contacto y procedimiento de colocación y liberación.",Exoesqueleto corporal,Interfaz humana / CAD,Inspección del CAD y protocolo de ajuste contra envolvente aprobada; liberación demostrada en banco.,TBD-02,Propuesto; no verificado
HL-03,Estructura y carga,"El diseño deberá declarar casos de carga, masa total, centro de gravedad y factores de diseño para cada configuración.","Estructura, mochila y maletines",Estructura / CAD,"Análisis estructural y ensayo de banco contra límites aprobados, sin fallo ni deformación fuera de tolerancia.",TBD-03,Propuesto; no verificado
HL-04,Cinemática y asistencia,"El sistema deberá declarar articulaciones, grados de libertad, rangos y límites de velocidad, esfuerzo y potencia por articulación.",Articulaciones del traje,Actuación / control,Comparación CAD-modelo y pruebas de saturación: comandos fuera de límites rechazados.,TBD-04,Propuesto; no verificado
HL-05,Seguridad determinista,El sistema deberá aplicar límites y enclavamientos independientes de las decisiones de IA y registrar sus intervenciones.,Principio de seguridad del README,Supervisor de seguridad,Inyección de órdenes inválidas y fallo de política: ningún comando evita el supervisor.,TBD-05,Propuesto; no verificado
HL-06,Estado seguro,"El sistema deberá definir y alcanzar un estado seguro ante parada, pérdida de comunicaciones, alimentación o sensores críticos, considerando soporte del usuario.",Traje; arquitectura propuesta,Supervisor / energía,Ensayos de fallo en banco: transición dentro del tiempo aprobado y evidencia de soporte mecánico seguro.,TBD-05,Propuesto; no verificado
HL-07,Energía,"El sistema deberá presupuestar consumo, autonomía y disipación por configuración, e impedir conexión energética incompatible.",Mochila y equipos visibles; función energética por confirmar,Energía,Revisión de balance y ensayo con carga representativa contra presupuesto aprobado; conexión incompatible bloqueada.,TBD-06,Propuesto; no verificado
HL-08,Interfaz de módulos,"Cada interfaz deberá especificar fijación, bloqueo, carga admisible, conexiones, identificación y condiciones de intercambio.",Módulos adaptables,Interfaz mecánica / eléctrica / datos,"Inspección del documento de interfaz y ensayo de bloqueo, montaje y desconexión segura.",TBD-01,Propuesto; no verificado
HL-09,Sensado y calibración,"El sistema deberá documentar sensores requeridos, calibración, unidades, marcos, calidad y detección de datos vencidos.",Arquitectura de simulación y control del README,Sensado,Reproducción de datos calibrados y datos vencidos: detección y transición de seguridad según perfil.,TBD-07,Propuesto; no verificado
HL-10,Gemelo digital,"Cada configuración deberá vincular CAD, descripción cinemática, masas, inercias, colisiones y revisiones mediante un manifiesto trazable.",MBSE → CAD → CAM → CAS; robot description,Modelo / CAS,"Revisión de manifiesto y comparación de marcos, unidades, masas e inercias con tolerancias aprobadas.",TBD-08,Propuesto; no verificado
HL-11,Interoperabilidad,"La integración deberá separar contratos de robot, observación, acción y simulación de sus implementaciones, e incluir unidades, tiempo y versionado.",Contratos canónicos del README,Adaptadores / software,Prueba de contrato con dos adaptadores de ensayo: entradas y salidas conservan semántica y rechazan versión incompatible.,TBD-07,Propuesto; no verificado
HL-12,Entorno y mantenimiento,"El diseño deberá declarar condiciones de operación, transporte, limpieza, inspección y sustitución de módulos.","Expedición, trabajo y campamento",Integración / mantenimiento,Inspección de procedimientos y ensayos ambientales contra perfil aprobado.,TBD-09,Propuesto; no verificado
HL-13,Módulos de trabajo,"Los accesorios de construcción deberán declarar modos permitidos, interfaces y condiciones de aislamiento y almacenamiento.",Construcción,Módulos de trabajo,Revisión de peligros y banco de interfaces; solo configuraciones aprobadas habilitan conexión.,TBD-10,Propuesto; no verificado
HL-14,Campamento y gastronomía,"Los módulos de refugio, iluminación, cocina y conservación deberán declarar compatibilidad, transporte y aislamiento térmico y energético.",Camping y gastronomía,Módulos auxiliares,Inspección y ensayo de montaje y temperatura contra perfil aprobado.,TBD-10,Propuesto; no verificado
HL-15,Accesorios restringidos,Los accesorios de pesca y caza del concepto deberán permanecer fuera de la habilitación automática y limitarse al inventario e interfaces pasivas hasta revisión específica.,Pesca y caza; pulso eléctrico no validado,Configuración / gobernanza,Revisión de configuración: no existen comandos de accionamiento automático ni funciones habilitadas sin revisión.,TBD-11,Propuesto; no verificado
HL-16,Asistencia profesional,El módulo clínico deberá quedar segregado del perfil general y sin habilitación de funciones clínicas hasta definición y aprobación de alcance y validación especializada.,Asistencia profesional; validación clínica pendiente,Gobernanza / módulos,Inspección de perfil y prueba de acceso: perfil general no habilita funciones clínicas.,TBD-12,Propuesto; no verificado
HL-17,Evidencia y cambios,"Cada requisito deberá vincular fuente, responsable, diseño, revisión y evidencia; todo cambio de CAD deberá evaluar impacto sobre interfaces y pruebas.",Proceso MBSE y evaluación del README,Ingeniería de requisitos,"Auditoría de trazabilidad: ningún requisito aprobado carece de diseño, criterio o evidencia identificable.",TBD-13,Propuesto; no verificado
